reference_id;profile_id
REF-OD-001;PROFILE-EMERGENCY-READINESS
REF-OD-002;PROFILE-EMERGENCY-READINESS
REF-OD-003;PROFILE-EMERGENCY-READINESS
REF-OD-004;PROFILE-EMERGENCY-READINESS
REF-OD-005;PROFILE-EMERGENCY-READINESS
REF-OD-006;PROFILE-WORKPLACE-DOCS
REF-OD-007;PROFILE-GROUNDING
REF-OD-008;PROFILE-GROUNDING
REF-OD-009;PROFILE-WORKPLACE-DOCS
REF-OD-010;PROFILE-WORK-PERMIT
REF-OD-011;PROFILE-CURRENT-OPERATION-WORKS
REF-OD-012;PROFILE-WORK-PERMIT
REF-OD-013;PROFILE-MASTER-DATA
REF-OD-014;PROFILE-WORK-PERMIT
REF-OD-015;PROFILE-SWITCHING-DOCUMENTS
REF-OD-016;PROFILE-SWITCHING-DOCUMENTS
REF-OD-017;PROFILE-APPLICATION
REF-OD-018;PROFILE-SWITCHING-DOCUMENTS
REF-OD-019;PROFILE-SWITCHING-DOCUMENTS
REF-OD-020;PROFILE-MASTER-DATA
REF-OD-021;PROFILE-MASTER-DATA
REF-OD-022;PROFILE-WORKPLACE-DOCS
REF-OD-023;PROFILE-OPJ
REF-OD-024;PROFILE-WORKPLACE-DOCS
REF-OD-025;PROFILE-SCHEMES-DOCUMENTS
REF-OD-026;PROFILE-SCHEMES-DOCUMENTS
REF-OD-027;PROFILE-SWITCHING-DOCUMENTS
REF-OD-028;PROFILE-SWITCHING-DOCUMENTS
REF-OD-029;PROFILE-EQUIPMENT-INSPECTIONS
REF-OD-030;PROFILE-SWITCHING-DOCUMENTS
REF-OD-031;PROFILE-SWITCHING-DOCUMENTS
REF-OD-032;PROFILE-EMERGENCY-READINESS
REF-OD-033;PROFILE-EMERGENCY-READINESS
REF-OD-034;PROFILE-WORKPLACE-DOCS
REF-OD-035;PROFILE-WORKPLACE-DOCS
REF-OD-036;PROFILE-EQUIPMENT-INSPECTIONS
REF-OD-037;PROFILE-EQUIPMENT-INSPECTIONS
REF-OD-038;PROFILE-EQUIPMENT-INSPECTIONS
REF-OD-039;PROFILE-CURRENT-OPERATION-WORKS
REF-OD-040;PROFILE-RZA-TM
REF-OD-041;PROFILE-RZA-TM
REF-OD-042;PROFILE-SCHEMES-DOCUMENTS
REF-OD-043;PROFILE-SCHEMES-DOCUMENTS
REF-OD-044;PROFILE-SCHEMES-DOCUMENTS
REF-OD-045;PROFILE-SCHEMES-DOCUMENTS
REF-OD-046;PROFILE-SCHEMES-DOCUMENTS
REF-OD-047;PROFILE-SCHEMES-DOCUMENTS
REF-OD-048;PROFILE-SCHEMES-DOCUMENTS
REF-OD-049;PROFILE-SCHEMES-DOCUMENTS
REF-OD-050;PROFILE-SCHEMES-DOCUMENTS
REF-OD-051;PROFILE-PERSONNEL-AUTHORITY
REF-OD-052;PROFILE-PERSONNEL-AUTHORITY
REF-OD-053;PROFILE-PERSONNEL-AUTHORITY
REF-OD-054;PROFILE-WORKPLACE-DOCS
REF-OD-055;PROFILE-WORKPLACE-DOCS
REF-OD-056;PROFILE-OPJ
REF-OD-057;PROFILE-APPLICATION
REF-OD-058;PROFILE-OPERATIONAL-ORDERS
REF-OD-059;PROFILE-PERMIT-WORK-JOURNAL-ORDER-WORK-JOURNAL
REF-OD-060;PROFILE-DEFECT
REF-OD-061;PROFILE-EQUIPMENT-COMMISSIONING
REF-OD-062;PROFILE-RZA-TM
REF-OD-063;PROFILE-WORKPLACE-DOCS-2
REF-OD-064;PROFILE-BREAKER-INTERRUPTIONS
REF-OD-065;PROFILE-BATTERY-INSPECTION
REF-OD-066;PROFILE-CURRENT-OPERATION-WORKS
