scenario_id;контур;сценарий;продукт;разработчик;точный_источник;дата_материала;artifact_locator;evidence_excerpt;primary_evidence_type;secondary_evidence_type;evidence_confidence;benchmark_origin;исходное_действие;последовательность;справочники;повторное_использование;автоподстановки;проверки_предупреждения;результат;mobile_offline;сильная_сторона;слабая_сторона;pattern_decision;decision_basis;acceptance_benchmark_ЭОД
SWB-01;Наряд-допуск;Создать наряд из шаблона/предыдущего;ДНД Наряд-Допуск ПРО;ETLPRO / ДНД;https://www.etlpro.ru/dnd-naryad-dopusk;"дата не указана; обращение 29.07.2026";Официальная страница продукта: разделы о повторном использовании нарядов, справочниках и печатных формах.;Разработчик заявляет повторное использование ранее оформленных нарядов, справочники персонала, типовые вставки и формирование печатных форм.;VENDOR CLAIM;NONE;MEDIUM;SOURCE-DERIVED;Создать новый наряд;Выбрать вид → скопировать исходный → подобрать персонал → вставить типовые меры → проверить → печать/сохранение;Персонал; должности; группы допуска; виды работ; типовые меры;Да: старый наряд/шаблон;Реквизиты, даты, роли, повторяющиеся формулировки;Формальные проверки зависят от версии продукта;Готовый наряд и печатная форма;Desktop; offline не доказан;Быстрое оформление бумажно-ориентированного документа;Не доказывает полный электронный lifecycle;ADAPT;Быстрое создание из предыдущего и справочники подтверждены источником; юридический lifecycle не переносится.;Создать новый наряд из предыдущего без повторного ввода неизменных реквизитов; обязательные изменяемые реквизиты требуют явной перепроверки.
SWB-02;Наряд-допуск;Согласовать и провести электронный наряд;1С:EHS / Производственная безопасность;1С;https://its.1c.ru/db/ehscorp/content/195/hdoc;"дата страницы не указана; обращение 29.07.2026";1С:ИТС, глава 10 «Наряды-допуски».;Наряд описан как отдельный управляемый документ с настройкой согласования, исполнением и отчётностью.;MANUAL;OFFICIAL PRODUCT PAGE;HIGH;SOURCE-DERIVED;Создать наряд;Заполнить → согласовать → доработать → утвердить → исполнить → закрыть/отчитаться;Персонал; виды опасных работ; мероприятия; подразделения;Частично: копирование и шаблоны;Реквизиты из НСИ и маршрута;Маршрутные и формальные проверки;Управляемый электронный документ и отчёты;Web/desktop зависит от конфигурации;Lifecycle и интеграция с кадровыми данными;Тяжёлый EHS-контур;DEFER;Источник подтверждает отдельный lifecycle наряда, но первый прототип ЭОД не должен повторять весь EHS-контур.;Authoring/print и полный lifecycle проектируются раздельно; первый срез не обязан включать электронные подписи и все переходы.
SWB-03;Наряд-допуск;Получить предупреждение о конфликте работ;Directum RX — электронные наряды-допуски;Directum;https://www.directum.ru/solution/electronic_safety_permits;"дата страницы не указана; обращение 29.07.2026";Официальная страница решения: блок о проверке пересечений работ и автоподстановке СИЗ/материалов.;Разработчик заявляет предупреждения о несовместимых или пересекающихся работах и автоматический подбор части реквизитов.;OFFICIAL SCREEN;VENDOR CLAIM;MEDIUM;SOURCE-DERIVED;Заполнить место, время и вид работ;Система сопоставляет работы → показывает конфликт → пользователь корректирует/обосновывает;Виды работ; зоны; время; СИЗ; материалы;Не основной сценарий;СИЗ, инструменты, материалы;Предупреждение о пересечении/несовместимости;Исправленный наряд или обоснованное решение;Web; mobile зависит от внедрения;Предметная машинная проверка;Правила конфликтов требуют локальной модели и нормативной проверки;VERIFY;Наличие проверки подтверждено vendor evidence; конкретные правила конфликтов для ЭОД не доказаны.;Не блокировать документ по непроверенному правилу; каждое правило имеет источник, область действия и объяснимое сообщение.
SWB-04;Бланк/программа переключений;Создать, проверить и согласовать бланк;СК.Журналы;АО «Монитор Электрик»;https://monitel.ru/upload/uf/549/q7b2aik57w0ecsapm02qx8cjwzedjv0d/%D0%9C%D0%BE%D0%BD%D0%B8%D1%82%D0%BE%D1%80%20%D0%AD%D0%BB%D0%B5%D0%BA%D1%82%D1%80%D0%B8%D0%BA_%D0%A1%D0%9A.%D0%96%D1%83%D1%80%D0%BD%D0%B0%D0%BB%D1%8B.pdf;"дата не установлена; обращение 29.07.2026";Официальная презентация «СК.Журналы», слайд 14 — «Учёт бланков переключений».;Заявлены создание обычных и типовых программ/бланков переключений, согласование, назначение ответственных за устранение замечаний, контроль исполнения и блокировка переключений до исправления замечаний.;OFFICIAL SCREEN;VENDOR CLAIM;HIGH;SOURCE-DERIVED;Создать обычный или типовой бланк;Тип/основание → оборудование → операции → ответственные → проверка → замечания → готовность/исполнение;Оборудование; типы бланков; заявки; персонал; шаблоны операций;Типовые бланки;Часть данных и текста ОЖ;Замечания и блокировка до устранения;Карточка, операции, связи, печать/отчёт;Кроссплатформенность заявлена; offline сценарий не доказан;Связь операций, ответственных и замечаний;Зависимость от СК-11/SCADA; алгоритм автогенерации непрозрачен;ADAPT;Создание обычных и типовых программ/бланков, согласование, назначение ответственных за устранение замечаний, контроль исполнения и блокировка до исправления замечаний подтверждены источником. Связь замечания с конкретной операцией источником не доказана и сохраняется только как EOD-DESIGN-DECISION для benchmark ЭОД.;Ручная последовательность сохраняет порядок и версии; замечание связано с конкретной операцией; документ нельзя провести с неустранённым блокирующим замечанием.
SWB-05;Дефект;Зарегистрировать и назначить дефект;ТГК-1 «Журнал дефектов»;ПАО «ТГК-1»;https://www.tgc1.ru/digital-solutions/journal/;"дата страницы не указана; обращение 29.07.2026";Официальная страница цифрового комплекса: регистрация, единый источник, контроль устранения, классификация и аналитика.;Официально заявлены карточка дефекта, классификация, ответственные, контроль сроков и анализ повторяемости.;OFFICIAL PRODUCT PAGE;VENDOR CLAIM;HIGH;SOURCE-DERIVED;Обнаружить неисправность;Выбрать оборудование → описать → классифицировать → назначить → контролировать;Оборудование; виды дефектов; подразделения; персонал;Повторное использование классификаторов;Ответственные/сроки по правилам могут подставляться;Просрочка и контроль состояния;Карточка дефекта, статус, история, аналитика;Мобильность зависит от решения;Цельный defect workflow;Публичный экран не раскрывает все переходы;ADAPT;Базовая модель дефекта подтверждена официальным источником; конкретная status machine ЭОД остаётся собственной.;Регистрация занимает минимальный набор действий; оборудование обязательно; срок и ответственный видимы без открытия технических деталей.
SWB-06;Дефект;Создать дефект из результата обхода;ТГК-1 «Обходы» + «Журнал дефектов»;ПАО «ТГК-1»;https://www.tgc1.ru/production/complex/news/single/item/29565/;"дата публикации на странице; обращение 29.07.2026";Официальный материал о совместном внедрении модулей «Обходы», «Журнал дефектов» и ТОиР.;Материал подтверждает связный процесс цифрового обхода, выявления дефекта и дальнейшей работы с ним.;CASE;OFFICIAL PRODUCT PAGE;MEDIUM;SOURCE-DERIVED;Зафиксировать отклонение в точке контроля;Открыть точку → ввести измерение/замечание → создать дефект → передать контекст;Маршруты; точки; оборудование; параметры; дефекты;Нет копирования значений;Наследуются оборудование, точка, время, измерение;Контроль обязательных данных;Связанный дефект и результат обхода;Mobile характерен для обходов;Однократный ввод контекста;Точный payload передачи публично не раскрыт;ADAPT;Связь обхода и дефекта подтверждена кейсом; состав наследуемых полей принят как EOD-DESIGN-DECISION.;Дефект из обхода наследует оборудование, точку, фактическое время и измерение без повторного ручного ввода.
SWB-07;Оперативная/ремонтная заявка;Зарегистрировать заявку на ремонт;Электронный журнал заявок на ремонт НКНХ;ПАО «Нижнекамскнефтехим» / внутреннее решение;https://up-pro.ru/library/information_systems/toir/jurnal-nijnekamsk/;"дата статьи на странице; обращение 29.07.2026";Отраслевой case об отдельном электронном входящем журнале заявок, расширенном на несколько технических служб.;Описана лаконичная регистрация ремонтных заявок и расширение решения с КИП на механиков и энергетиков.;CASE;NONE;MEDIUM;SOURCE-DERIVED;Сообщить неисправность службе;Выбрать объект/службу → описать → зарегистрировать → отслеживать;Оборудование; службы; приоритеты; персонал;Возможны шаблоны, не доказаны;Маршрутизация по службе;Проверка обязательных реквизитов;Заявка и состояние исполнения;Web/desktop не уточнено;Лёгкий входящий workflow вместо EAM;Мало деталей интерфейса и lifecycle;ADAPT;Кейс подтверждает ценность отдельного простого журнала заявок; подробные статусы не доказаны.;Создание заявки быстрее свободного письма/Excel; оборудование и источник сохраняются; состояние видно заявителю.
SWB-08;Оперативная/ремонтная заявка;Сформировать производный журнал из заявок;АСУРЭО / отраслевые заявки;разработчики отраслевых систем;https://www.asureo.ru/;"дата не указана; обращение 29.07.2026";Официальный сайт и страницы модулей заявок/ремонтных программ.;Заявки, ремонты и отчётные представления используются в единой системе, что подтверждает разделение первичного документа и производных представлений.;OFFICIAL PRODUCT PAGE;INFERENCE;MEDIUM;EOD-DESIGN-DECISION;Создать первичную заявку;Заявка → согласование/состояние → журнал/реестр/отчёт;Оборудование; программы ремонта; подразделения;Да: первичный документ переиспользуется;Реестры и отчёты из первичных данных;Проверка состояния и маршрута;Производное представление без повторного ввода;Web/desktop зависит от версии;Однократный ввод;Публичные материалы не доказывают точный workflow каждой формы;ADOPT;Принцип первичного объекта и производных представлений принят как EOD-DESIGN-DECISION, согласованный с отраслевыми системами.;Журнал учёта формируется из первичных заявок и фактов, не требует отдельного повторного ввода строк.
SWB-09;Обход;Получить сменное задание и пройти маршрут;СИГМА.АЛЬКОР «Мобильный обходчик»;СИГМА;https://globalcio.ru/upload/main/6bb/qwpmzf6d1b4q6xuckp9psperwadmci9h.pdf;"дата презентации указана в документе/метаданных; обращение 29.07.2026";Презентация: слайды о задании на смену, NFC-идентификации оборудования, вводе измерений и передаче данных приборов.;Показаны сменное задание, идентификация оборудования, контрольные параметры и мобильная фиксация результата.;OFFICIAL SCREEN;CASE;HIGH;SOURCE-DERIVED;Принять задание на обход;Открыть маршрут → подтвердить точку NFC → внести параметры → отметить состояние → завершить;Маршруты; точки; оборудование; параметры; исполнители;Шаблон маршрута;Плановые точки и параметры;Пропуск точки, диапазоны, порядок;Завершённый обход и измерения;Mobile; offline зависит от внедрения;Полевой сценарий и доказательство факта посещения;Требует устройств и инфраструктуры меток;DEFER;Паттерн подтверждён; mobile/offline не входит в ближайший прототип.;Модель данных поддерживает маршрут и точки; desktop-прототип не изображает фиктивный NFC/offline workflow.
SWB-10;Обход;Зафиксировать отклонение и фото;ИНФОПРО «Мобильный обходчик»;ИНФОПРО;https://www.info-pro.ru/otraslevye-resheniya/avtomatizatsiya-obkhodov-i-osmotrov-oborudovaniya-/;"дата не указана; обращение 29.07.2026";Официальная страница решения: маршруты, параметры, фото, распознавание показаний и интеграции.;Заявлены планирование обходов, фиксация показаний, фото и создание связанных событий/дефектов.;OFFICIAL PRODUCT PAGE;VENDOR CLAIM;MEDIUM;SOURCE-DERIVED;Обнаружить отклонение;Открыть точку → измерение → комментарий/фото → классифицировать → создать дефект;Маршруты; точки; параметры; классификаторы;Шаблон точки;Оборудование и нормативные диапазоны;Диапазоны и обязательные поля;Отклонение, фото, дефект;Mobile; offline заявляется;Богатый полевой контекст;Порог внедрения и устройства;DEFER;Полезно для будущего rounds contour; фото/offline не нужны ближайшему прототипу.;Архитектура допускает вложение и связанный дефект; отсутствие mobile-функции честно обозначено.
SWB-11;Ключи;Выдать ключ;СК.Журналы — выдача ключей;АО «Монитор Электрик»;https://monitel.ru/products/CK.Logbooks/;"дата не указана; обращение 29.07.2026";Официальная продуктовая страница и презентация: отдельный журнал ключей, получатель, основание, даты выдачи/возврата и связь с нарядом.;Заявлены самостоятельный журнал, активные выдачи, возврат, просрочка и связанные основания.;OFFICIAL SCREEN;VENDOR CLAIM;HIGH;SOURCE-DERIVED;Выдать ключ сотруднику;Выбрать ключ → получателя → основание → срок → подтвердить выдачу;Ключи; помещения; персонал; наряды/распоряжения;Повторное использование основания через связь;Получатель/основание из документа;Просрочка; активное состояние;Факт выдачи и активная операция;Desktop/web; mobile не доказан;Предметная связь с работой;Вендорская подпись и наборы ключей не обязаны совпадать с нашей практикой;ADAPT;Парная модель выдачи/возврата подтверждена; запрет двойной выдачи принят как EOD-DESIGN-DECISION.;Выдача выполняется в несколько действий; один ключ не имеет двух активных выдач; основание сохраняется.
SWB-12;Ключи;Вернуть ключ и закрыть активную выдачу;СК.Журналы — выдача ключей;АО «Монитор Электрик»;https://monitel.ru/products/CK.Logbooks/;"дата не указана; обращение 29.07.2026";Официальный экран журнала ключей: поля фактического возврата и состояния выданных/просроченных.;Экран показывает отдельный факт возврата и контроль активных выдач.;OFFICIAL SCREEN;NONE;HIGH;SOURCE-DERIVED;Выбрать активную выдачу;Открыть активную операцию → указать фактическое время → подтвердить возврат;Активные выдачи; ключи; персонал;Да: используется исходная выдача;Ключ, получатель и основание;Нельзя закрыть неактивную выдачу;Факт возврата и история;Desktop/web; mobile не доказан;Быстрое закрытие парной операции;Полные подписи и юридический original mode не доказаны;ADAPT;Связь возврата с исходной выдачей видна на экране; неизменность истории — EOD-DESIGN-DECISION.;Возврат закрывает ровно одну активную выдачу, не требует повторного выбора ключа и не переписывает исходный факт.
SWB-13;Заземления;Установить переносное заземление;СК.Журналы — учёт заземлений;АО «Монитор Электрик»;https://monitel.ru/products/CK.Logbooks/;"дата не указана; обращение 29.07.2026";Официальная продуктовая страница/презентация: учёт места и времени установки/снятия, действующих заземлений и истории.;Заявлены инвентарный номер, место, время установки/снятия, действующее состояние и история.;OFFICIAL PRODUCT PAGE;VENDOR CLAIM;HIGH;SOURCE-DERIVED;Установить ПЗ в определённом месте;Выбрать ПЗ → оборудование/место → основание → время → подтвердить;Переносные заземления; оборудование; места; основания;Исходные справочники;Номер и характеристики ПЗ;Активное размещение;Факт установки и текущее состояние;Desktop/web; mobile не доказан;Точное текущее размещение и история;Связь с оперативной схемой может требовать SCADA;ADAPT;Отдельный инвентарный объект и операция подтверждены; запрет двойного активного размещения — EOD-DESIGN-DECISION.;Одно ПЗ не имеет двух активных мест; установка сохраняет оборудование, место, основание и автора.
SWB-14;Заземления;Снять заземление и закрыть активное размещение;СК.Журналы — учёт заземлений;АО «Монитор Электрик»;https://monitel.ru/products/CK.Logbooks/;"дата не указана; обращение 29.07.2026";Официальный экран/описание: снятие ПЗ, перечень действующих заземлений и полная история.;Заявлен отдельный факт снятия и сохранение истории размещений.;OFFICIAL SCREEN;VENDOR CLAIM;HIGH;SOURCE-DERIVED;Выбрать действующее заземление;Открыть активное размещение → указать время/основание снятия → подтвердить;Действующие заземления; персонал; основания;Да: используется установка;ПЗ и место из активной операции;Нельзя снять отсутствующее/уже снятое;Факт снятия и история;Desktop/web; mobile не доказан;Парная операция без повторного ввода;Нормативные роли требуют отдельного анализа;ADAPT;Парный workflow подтверждён продуктом; конкретные роли и подписи не утверждаются.;Снятие закрывает ровно одно активное размещение и сохраняет неизменную связь с установкой.
SWB-15;РЗА/телемеханика;Зафиксировать оперативное событие РЗА/ТМ;В открытом поиске самостоятельный журнал не обнаружен;—;https://www.rza-estra.ru/product/programmnoe-obespechenie-i-servisnoe-oborudovanie/uprog/;"дата не указана; обращение 29.07.2026";Официальная страница Uprog: настройка терминалов, параметры, протоколы и сервисные функции; workflow оперативного журнала не показан.;Найденный продукт относится к инженерному обслуживанию устройств РЗА, а не доказывает самостоятельный журнал событий.;OFFICIAL PRODUCT PAGE;INFERENCE;LOW;HYPOTHESIS;Зафиксировать событие/действие устройства;Не доказано; вероятно тип → устройство → событие → действие → подтверждение;Устройства РЗА/ТМ; виды событий; уставки; персонал;Не доказано;Не доказано;Не доказано;Оперативная запись/специализированное событие;Не доказано;Честное выделение evidence gap;Нет доказанного workflow;VERIFY;Специализированная status machine не утверждается; требуется предметное и нормативное исследование.;Не создавать фиктивный универсальный журнал РЗА; первый срез допускается только после определения конкретного вида записи и источника требований.
SWB-16;РЗА/телемеханика;Ознакомить персонал с изменением/указанием;В открытом поиске специализированный workflow не обнаружен;—;https://www.hr-ok.ru/e-store/elektrosnabzhenie/8915/;"вторичный источник; только как указатель формы";Вторичная страница бумажной формы; не используется как нормативное или продуктовое доказательство.;Источник показывает существование бумажного класса журнала, но не доказывает электронный workflow.;INFERENCE;NONE;LOW;HYPOTHESIS;Опубликовать указание/изменение;Документ → применимые сотрудники → ознакомление → контроль;Документы; редакции; персонал; должности; права;Редакция документа;Применимость может вычисляться, не доказана;Сроки/полнота ознакомления;Факт ознакомления с конкретной редакцией;Не доказано;Версионная связь документа и ознакомления;Нет первичного evidence;VERIFY;Паттерн является проектной гипотезой, а не выводом из вторичного сайта.;Новая редакция не наследует подтверждение старой; применимость и юридическая форма требуют отдельного решения.
SWB-17;Периодические измерительные журналы;Создать периодическую запись по шаблону параметров;В открытом поиске специализированный продукт не обнаружен;—;https://master-blank.ru/product/akkumulyatornyy-zhurnal/;"вторичный коммерческий источник формы; обращение 29.07.2026";Страница бумажного аккумуляторного журнала используется только для перечня типичных измеряемых параметров, не как нормативное доказательство.;Показаны повторяющиеся поля напряжения, плотности, температуры, обслуживания и состояния.;INFERENCE;NONE;LOW;HYPOTHESIS;Начать очередное измерение;Выбрать объект/период → получить пустую структуру параметров → ввести новые значения → проверить → зарегистрировать;Оборудование; шаблоны параметров; единицы; пределы;Повторяется структура, не значения;Дата, объект, перечень параметров;Диапазоны требуют проверки;Запись измерений и отклонения;Mobile не доказан;Универсальный повторяемый pattern;Нет специализированного продукта и нормативного анализа;VERIFY;Модель предложена как гипотеза ЭОД; копирование прошлых значений сознательно отвергается.;Новая запись содержит пустые измеряемые значения; прошлые показания доступны только для сравнения, а не предзаполнения.
SWB-18;Периодические измерительные журналы;Выявить отклонение и создать связанный дефект;В открытом поиске специализированный продукт не обнаружен;—;https://www.tgc1.ru/digital-solutions/journal/;"дата не указана; обращение 29.07.2026";Официальная страница журнала дефектов подтверждает связанный defect contour, но не специализированный измерительный журнал.;Дефект может хранить оборудование, классификацию, сроки и ответственных; перенос измерения является решением ЭОД.;OFFICIAL PRODUCT PAGE;INFERENCE;LOW;EOD-DESIGN-DECISION;Измерение вышло за допустимый диапазон;Запись измерения → предупреждение → подтверждение отклонения → создать дефект;Параметры; пределы; оборудование; дефекты;Используется текущая запись;Наследуются объект, параметр, значение, время;Диапазон и обязательное подтверждение;Связанный дефект;Mobile не доказан;Однократный ввод факта;Пределы и автоматизм требуют предметной настройки;VERIFY;Связь измерения и дефекта принята как EOD-DESIGN-DECISION; источник подтверждает только defect contour.;Дефект создаётся из измерения с явным preview; автоматическая регистрация без подтверждения запрещена на первом этапе.
SWB-19;Документация рабочего места;Проверить комплектность действующих документов;В открытом поиске отраслевой продукт не обнаружен;—;—;"поиск 29.07.2026";Evidence gap: специализированный публичный продукт не найден.;Обычные СЭД не доказывают отраслевую модель применимости документа к рабочему месту.;INFERENCE;NONE;LOW;EOD-DESIGN-DECISION;Открыть рабочее место/роль;Система сопоставляет обязательный перечень → действующие редакции → наличие → пробелы;Рабочие места; роли; виды документов; редакции; применимость;Используются перечни и редакции;Действующая редакция;Отсутствие/устаревание;Матрица комплектности;Web; offline не требуется;Предметная ценность сверх СЭД;Нужен нормативный и локальный источник перечней;ADOPT;Паттерн принят из требований проекта и пользовательской практики, а не из внешнего продукта.;Для каждого рабочего места видны обязательные документы, текущая редакция, форма хранения и доказанный источник применимости.
SWB-20;Документация рабочего места;Ознакомиться с новой редакцией;В открытом поиске отраслевой продукт не обнаружен;—;—;"поиск 29.07.2026";Evidence gap: отдельный отраслевой electronic acknowledgement workflow не найден.;Паттерн версионного ознакомления является проектной гипотезой и требует нормативного разделения видов документов.;INFERENCE;NONE;LOW;HYPOTHESIS;Опубликована новая редакция;Определить применимых сотрудников → уведомить → открыть документ → подтвердить/зафиксировать требуемое действие;Документы; редакции; персонал; роли; применимость;Предыдущая применимость может использоваться;Новая редакция и список адресатов;Просрочка/полнота зависят от вида документа;Факт по конкретной редакции;Web/mobile не доказаны;Версионная traceability;Нельзя свести все формы работы с персоналом к одной кнопке;VERIFY;Не утверждать универсальный юридический эффект; необходим нормативный анализ по типам документа.;Новая редакция создаёт отдельный контур ознакомления; старая отметка не переносится автоматически; тип подтверждения зависит от документа.
